comparison,metric,mean_diff,std_diff,t_statistic,t_pvalue,wilcoxon_pvalue,effect_size,significant
pretrained vs random_init,auroc,-0.027640404040404066,0.05433669351005777,-1.0173752672413827,0.366505982544994,0.625,-0.5086876326845143,False
pretrained vs random_init,auprc,0.0836677591882559,0.20901617316243506,0.8005864610604486,0.4682237145353895,0.4375,0.4002932303387113,False
pretrained vs random_init,f1_optimal,0.0766615737193119,0.14262017561044976,1.0750452857203594,0.342878076005137,0.4375,0.5375226424832886,False
pretrained vs frozen_pretrained,auroc,0.020155555555555527,0.064320837603258,0.6267193123285634,0.5648350683714924,0.625,0.3133596556770995,False
pretrained vs frozen_pretrained,auprc,0.22181441274889088,0.143377275179024,3.094136256557095,0.0364277404731881,0.0625,1.5470681271995284,True
pretrained vs frozen_pretrained,f1_optimal,0.17676638176032006,0.14552404525919918,2.4293769657856035,0.07202941565895249,0.125,1.214688482058102,False
random_init vs frozen_pretrained,auroc,0.04779595959595959,0.0629800409543886,1.517812909349309,0.20366880598022782,0.3125,0.7589064534696593,False
random_init vs frozen_pretrained,auprc,0.13814665356063496,0.21650084927251428,1.2761765510374214,0.27095646873422896,0.8125,0.6380882752239829,False
random_init vs frozen_pretrained,f1_optimal,0.10010480804100816,0.11260499776378993,1.7779816176720102,0.15003681591517343,0.3125,0.888990808046528,False
