{
  "train_history": {
    "train_loss": [
      0.7895748615264893,
      0.8222029407819113,
      0.7645255128542582,
      0.7767986257870992,
      0.7267097731431326,
      0.7037738760312399,
      0.6992860237757365,
      2.6156652172406516,
      0.6018334627151489,
      0.7339322368303934,
      0.6356156269709269,
      0.5464903910954794,
      0.5751969615618387,
      0.5603066484133402,
      0.5444380839665731,
      0.5101801554361979,
      0.5193173289299011,
      0.649695098400116,
      0.4727051456769307,
      0.5656591554482778,
      0.5470985869566599,
      0.39099469780921936,
      0.43219296137491864,
      0.3486396024624507,
      0.41625843445460003,
      0.4182502031326294,
      0.4324057102203369,
      2.3094996213912964,
      0.38824833432833356,
      0.3865837901830673,
      0.3099033832550049,
      0.3788795272509257,
      0.4747314353783925,
      0.3051044742266337,
      0.34397460023562115,
      0.35271896918614704,
      0.2803368767102559,
      0.2298444906870524,
      0.43934278190135956,
      0.38392309844493866,
      0.3825884461402893,
      0.47268909215927124,
      1.0269001722335815,
      0.2884202798207601,
      0.22065389156341553,
      0.18083284298578897,
      0.20058006048202515,
      0.45746084054311115,
      0.29520684480667114,
      0.4293079773585002,
      0.2919193506240845,
      0.29946668942769367,
      0.590564414858818,
      0.22531744837760925,
      0.21967944502830505,
      0.3587900698184967,
      0.24715352058410645,
      0.21125207841396332,
      0.20398256182670593,
      0.19021362562974295
    ],
    "val_loss": [
      3.287926197052002,
      3.2971870501836142,
      3.3233240644137063,
      3.3340245485305786,
      3.419266661008199,
      3.6874754428863525,
      3.8863542079925537,
      3.9662310083707175,
      3.7417198618253074,
      3.4757940967877707,
      3.4248677293459573,
      3.4010868867238364,
      3.3024509151776633,
      3.371036867300669,
      3.42591255903244,
      3.349992662668228,
      3.313521534204483,
      3.178034693002701,
      3.0363684793313346,
      2.863390157620112,
      2.8309706350167594,
      2.768227835496267,
      2.6945325632890067,
      2.6170278986295066,
      2.514200657606125,
      2.3971041639645896,
      2.2557083666324615,
      2.175800303618113,
      2.073316047588984,
      2.006028642257055,
      1.9631473124027252,
      1.9954973459243774,
      2.019879922270775,
      1.9332138399283092,
      1.759602556626002,
      1.6315212448438008,
      1.5461323857307434,
      1.4697901010513306,
      1.4133953352769215,
      1.4095332821210225,
      1.4059485892454784,
      1.3777773479620616,
      1.2958097457885742,
      1.1832740704218547,
      1.1068562666575115,
      1.0688296457131703,
      1.0371986329555511,
      1.0024195909500122,
      0.9844745000203451,
      0.942642072836558,
      0.9193372329076132,
      0.909367561340332,
      0.9121411343415579,
      0.8866671522458395,
      0.853415052096049,
      0.8206843932469686,
      0.8013303577899933,
      0.793919305006663,
      0.7831401030222574,
      0.783421109120051
    ]
  },
  "test_metrics": {
    "auroc": 0.8570099255583127,
    "auprc": 0.5303406924330281,
    "f1_optimal": 0.5333333332842222,
    "optimal_threshold": 0.75390625,
    "precision": 0.47058823529411764,
    "recall": 0.6153846153846154,
    "precision_at_recall_90": 0.07947019867549669,
    "precision_at_recall_80": 0.19298245614035087,
    "recall_at_precision_90": 0.23076923076923078,
    "recall_at_precision_80": 0.3076923076923077,
    "loss": 2.402639186382294
  },
  "outer_fold": 0,
  "inner_fold": 0,
  "seed": 2
}