{
  "train_history": {
    "train_loss": [
      0.9643754661083221,
      0.9559278587500254,
      1.0934488773345947,
      0.8965878883997599,
      0.972675492366155,
      0.8546062608559927,
      0.9380307793617249,
      0.9463987350463867,
      0.8039735406637192,
      0.82504503428936,
      0.7697693308194479,
      0.8114397923151652,
      0.816236769159635,
      0.7785727431376775,
      0.9846640825271606,
      1.1666017174720764,
      0.8273941427469254,
      0.7902543991804123,
      0.7804505676031113,
      0.877123604218165,
      0.8910894393920898,
      0.7268886913855871,
      0.7688213537136713,
      1.0988827248414357,
      0.7495205948750178,
      0.6794418046871821,
      0.8195935984452566,
      1.0114735066890717,
      0.7652200162410736,
      0.75798632701238,
      0.9305818974971771,
      0.8198610842227936,
      0.823932076493899,
      0.6506118277708689,
      0.9647464752197266,
      0.7348228717843691,
      0.782813181479772,
      0.6700739040970802,
      0.7760546008745829,
      0.7982777456442515,
      0.792747288942337,
      0.711297869682312,
      0.6373069037993749,
      0.7840591073036194,
      0.7426826109488806,
      0.8306426604588827,
      0.7278512120246887,
      0.9339001576105753,
      0.6600192387898763,
      0.7188046723604202,
      0.662848636507988,
      0.5982685635487238,
      0.7165125707785288,
      0.6716276556253433,
      0.8229426145553589,
      0.6784621675809225,
      0.7426806936661402,
      0.6658527900775274,
      0.6696098546187083
    ],
    "val_loss": [
      0.9985124170780182,
      0.993172824382782,
      0.9857217371463776,
      0.9800929129123688,
      0.9797918498516083,
      0.9810868501663208,
      0.9817662537097931,
      0.9784826934337616,
      0.9708047211170197,
      0.9574588537216187,
      0.9473659992218018,
      0.9453226923942566,
      0.949320524930954,
      0.9636639654636383,
      0.975326269865036,
      0.990459531545639,
      0.9979574978351593,
      1.0058819949626923,
      1.0216397941112518,
      1.0114882290363312,
      0.9984690248966217,
      0.9889828860759735,
      0.9835022389888763,
      0.9580887854099274,
      0.9450041353702545,
      0.9320957064628601,
      0.9054227769374847,
      0.8909473717212677,
      0.8696030676364899,
      0.8500165045261383,
      0.8387610614299774,
      0.8297624289989471,
      0.8114092648029327,
      0.7998177111148834,
      0.7877678871154785,
      0.7765546143054962,
      0.7746525704860687,
      0.7758899927139282,
      0.787059485912323,
      0.7824454009532928,
      0.7636416256427765,
      0.7519377171993256,
      0.7458434402942657,
      0.7482748031616211,
      0.7536680698394775,
      0.7594619393348694,
      0.7538734972476959,
      0.7624679207801819,
      0.7611072361469269,
      0.7817878127098083,
      0.7884780168533325,
      0.7915980517864227,
      0.7872055768966675,
      0.7844847142696381,
      0.7852724194526672,
      0.7698585093021393,
      0.7631926536560059,
      0.7521086931228638,
      0.7552575767040253
    ]
  },
  "test_metrics": {
    "auroc": 0.8666666666666667,
    "auprc": 0.27761208576998053,
    "f1_optimal": 0.4615384614911242,
    "optimal_threshold": 0.4609375,
    "precision": 0.375,
    "recall": 0.6,
    "precision_at_recall_90": 0.13157894736842105,
    "precision_at_recall_80": 0.14814814814814814,
    "recall_at_precision_90": 0.0,
    "recall_at_precision_80": 0.0,
    "loss": 0.8437253534793854
  },
  "outer_fold": 3,
  "inner_fold": 0,
  "seed": 0
}