{
  "train_history": {
    "train_loss": [
      0.9402966598669688,
      1.041718711455663,
      0.956203450759252,
      1.649150510629018,
      1.2246138006448746,
      1.6940409392118454,
      1.5992098475495975,
      0.6339234809080759,
      0.9722879032293955,
      0.6745025316874186,
      0.7675724526246389,
      0.8094910035530726,
      0.7808807790279388,
      0.5479535609483719,
      0.6892444243033727,
      0.6131829271713892,
      1.9547803526123364,
      1.0720962186654408,
      0.6728714207808176,
      0.5094105526804924,
      0.7197594121098518,
      0.5324278734624386,
      0.4946033333738645,
      0.629273526991407,
      1.0015676692128181
    ],
    "val_loss": [
      1.0348924398422241,
      1.1129274368286133,
      0.8252276182174683,
      1.011284202337265,
      0.9218603670597076,
      1.6634971499443054,
      0.758517324924469,
      1.0830855667591095,
      0.7585201859474182,
      0.8290061205625534,
      0.9933184683322906,
      0.6698616445064545,
      0.6557852476835251,
      0.805881679058075,
      0.7560325115919113,
      1.3601697981357574,
      1.6180853843688965,
      0.7395637035369873,
      0.9140476286411285,
      1.06912961602211,
      0.8329755514860153,
      0.693709135055542,
      0.7824551835656166,
      1.154659926891327,
      0.8277164921164513
    ]
  },
  "test_metrics": {
    "auroc": 0.8949494949494949,
    "auprc": 0.3175032175032175,
    "f1_optimal": 0.47058823525259513,
    "optimal_threshold": 0.52294921875,
    "precision": 0.3333333333333333,
    "recall": 0.8,
    "precision_at_recall_90": 0.13513513513513514,
    "precision_at_recall_80": 0.3333333333333333,
    "recall_at_precision_90": 0.0,
    "recall_at_precision_80": 0.0,
    "loss": 0.5757670402526855
  },
  "outer_fold": 2,
  "inner_fold": 0,
  "seed": 0
}