{
  "train_history": {
    "train_loss": [
      1.038777381181717,
      1.0266952117284138,
      0.981287936369578,
      0.8969194293022156,
      0.857873797416687,
      0.9168700377146403,
      0.8888218303521475,
      0.7996479968229929,
      1.0052288870016735,
      0.7742732018232346,
      0.8077631493409475,
      0.8539910465478897,
      0.9793938199679056,
      0.7434805879990259,
      0.8067734638849894,
      0.7141039321819941,
      0.7394003222386042,
      0.6674408713976542,
      0.9040579895178477,
      0.7648874322573344,
      0.8274997274080912,
      0.7155826489130656,
      0.623414620757103,
      0.7335320015748342,
      0.624768445889155,
      0.6226134697596232,
      0.5987713634967804,
      0.7763248682022095,
      0.7226419001817703,
      0.6185581386089325,
      0.6958786199490229
    ],
    "val_loss": [
      1.091519832611084,
      1.0854109525680542,
      1.0795106291770935,
      1.0698699057102203,
      1.0557199716567993,
      1.042644441127777,
      1.0363646745681763,
      1.0292891561985016,
      1.0263842344284058,
      1.023618221282959,
      1.02177032828331,
      1.0203121304512024,
      1.0244684517383575,
      1.0283936858177185,
      1.0260842740535736,
      1.0237699747085571,
      1.0202345848083496,
      1.0183241963386536,
      1.0161051452159882,
      1.0091235041618347,
      1.0015487372875214,
      0.9926955997943878,
      0.9924337565898895,
      0.9865705668926239,
      0.9830114245414734,
      0.983454704284668,
      0.9870973825454712,
      0.9882392287254333,
      0.9814442992210388,
      0.9722867012023926,
      0.9670044183731079
    ]
  },
  "test_metrics": {
    "auroc": 0.8181818181818182,
    "auprc": 0.14209124209124208,
    "f1_optimal": 0.296296296266118,
    "optimal_threshold": 0.431640625,
    "precision": 0.18181818181818182,
    "recall": 0.8,
    "precision_at_recall_90": 0.1282051282051282,
    "precision_at_recall_80": 0.18181818181818182,
    "recall_at_precision_90": 0.0,
    "recall_at_precision_80": 0.0,
    "loss": 0.7800265848636627
  },
  "outer_fold": 1,
  "inner_fold": 0,
  "seed": 0
}