{
  "regression": 0.2708175296783447,
  "true_pointwise": 0.5856296367645264,
  "grid_interpolated": 6.725083709716797,
  "hard_target": 0.4004965829849243,
  "soft_0.5": 0.2320350432395935,
  "soft_0.2": 0.29769780540466306
}