{
  "train_history": {
    "train_loss": [
      0.9641288816928864,
      0.9419504205385844,
      1.1705674628416698,
      0.8985006809234619,
      0.6402625441551208,
      0.8090633402268091,
      0.6569836636384329,
      0.6683489133914312,
      0.3998991871873538,
      1.6857375962038834,
      0.3545528178413709,
      0.896398606399695,
      0.5267704129219055,
      0.6938769693175951,
      0.4233468696475029,
      0.7761125266551971,
      0.5866250277807316,
      0.47185293212532997
    ],
    "val_loss": [
      0.9027017652988434,
      0.9591714441776276,
      0.597756028175354,
      1.039401352405548,
      0.6066515147686005,
      1.087908387184143,
      0.5464956760406494,
      0.9496109783649445,
      0.7255162745714188,
      0.6712369620800018,
      1.7113600671291351,
      1.2457175552845001,
      0.8242512792348862,
      1.0506238341331482,
      0.7124441266059875,
      0.7976037412881851,
      0.8522492945194244,
      0.5800986737012863
    ]
  },
  "test_metrics": {
    "auroc": 0.638,
    "auprc": 0.10083216456287986,
    "f1_optimal": 0.18181818176859502,
    "optimal_threshold": 0.50830078125,
    "precision": 0.16666666666666666,
    "recall": 0.2,
    "precision_at_recall_90": 0.053763440860215055,
    "precision_at_recall_80": 0.08695652173913043,
    "recall_at_precision_90": 0.0,
    "recall_at_precision_80": 0.0,
    "loss": 1.1734745800495148
  },
  "outer_fold": 0,
  "inner_fold": 0,
  "seed": 0
}