{
  "train_history": {
    "train_loss": [
      0.9639699359734853,
      0.954572598139445,
      1.0949984590212505,
      0.8922205964724222,
      0.9658473233381907,
      0.8597176770369211,
      0.9709129631519318,
      0.9650178651014963,
      0.8265061577161154,
      0.8199715912342072,
      0.7804723381996155,
      0.798747718334198,
      0.8044874767462412,
      0.7626797184348106,
      0.9604889949162801,
      1.1488430698712666,
      0.8339472711086273,
      0.7744841078917185,
      0.7644995947678884,
      0.8878071208794912,
      0.8837211976448694,
      0.6870928754409155,
      0.7454156875610352,
      1.0486817459265392,
      0.7121853480736414,
      0.6277858937780062,
      0.7948193649450938,
      0.9174422522385915,
      0.6831950594981512,
      0.7269928952058157,
      0.8176151315371195,
      0.7084595610698065,
      0.7664870768785477,
      0.567920133471489,
      0.79880723853906,
      0.6448317368825277,
      0.69766898949941,
      0.5730257071554661,
      0.7336166799068451,
      0.6789167126019796,
      0.646905650695165,
      0.6048393100500107,
      0.5519867688417435,
      0.6423301969965299,
      0.6461190581321716,
      0.6993729174137115,
      0.619568352897962,
      0.7016257246335348,
      0.4731920212507248,
      0.6213055538634459,
      0.4974999849994977,
      0.46835623929897946,
      0.4887051781018575
    ],
    "val_loss": [
      0.9975947141647339,
      0.990039199590683,
      0.9811008870601654,
      0.9703701436519623,
      0.9610798954963684,
      0.9459545314311981,
      0.9632548987865448,
      1.0389338731765747,
      1.0403881669044495,
      0.9629749059677124,
      0.9458315074443817,
      1.0195541679859161,
      1.0167620778083801,
      1.0068681240081787,
      1.0651791095733643,
      1.0935344099998474,
      1.1928187012672424,
      1.0375572443008423,
      0.8921039998531342,
      0.871136337518692,
      0.9352209270000458,
      0.9793647527694702,
      0.9860422909259796,
      0.9059649705886841,
      0.9147716760635376,
      0.8816881477832794,
      0.8213596045970917,
      0.88890740275383,
      0.871282696723938,
      0.9021786749362946,
      0.8447377979755402,
      0.8955041170120239,
      0.8272414207458496,
      0.7535212337970734,
      0.7938484847545624,
      0.9112676680088043,
      0.886262983083725,
      0.71628338098526,
      0.7192788124084473,
      0.7808679044246674,
      0.7766390144824982,
      0.7177743017673492,
      0.7280161678791046,
      0.7016759514808655,
      0.7052294909954071,
      0.7315012514591217,
      0.7182222008705139,
      0.7052276432514191,
      0.7061021625995636,
      0.6834960281848907,
      0.7045532464981079,
      0.7474441230297089,
      0.7545698881149292
    ]
  },
  "test_metrics": {
    "auroc": 0.8484848484848485,
    "auprc": 0.421922480620155,
    "f1_optimal": 0.499999999953125,
    "optimal_threshold": 0.53662109375,
    "precision": 0.6666666666666666,
    "recall": 0.4,
    "precision_at_recall_90": 0.11627906976744186,
    "precision_at_recall_80": 0.16,
    "recall_at_precision_90": 0.2,
    "recall_at_precision_80": 0.2,
    "loss": 0.8394084274768829
  },
  "outer_fold": 3,
  "inner_fold": 0,
  "seed": 0
}