{
  "train_history": {
    "train_loss": [
      1.0388378500938416,
      1.0231383840243022,
      0.9763312637805939,
      0.880826453367869,
      0.8488389799992243,
      0.933947890996933,
      0.8670848955710729,
      0.7822179347276688,
      0.9054189622402191,
      0.6727989514668783,
      0.6911020676294962,
      0.7538581440846125,
      0.7012408077716827,
      0.5598408033450445,
      0.5768500740329424,
      0.47928985953330994,
      0.5344793722033501,
      0.40117940306663513,
      0.5798155963420868,
      0.4187135100364685,
      0.5561358258128166,
      0.3449992835521698,
      0.35515477259953815,
      0.29827409982681274,
      0.3259422965347767,
      0.32092729955911636,
      0.390491450826327,
      0.5032577440142632
    ],
    "val_loss": [
      1.090305507183075,
      1.0825866758823395,
      1.0735920369625092,
      1.0625376105308533,
      1.0623281300067902,
      1.057960718870163,
      1.0511744916439056,
      1.0715517699718475,
      1.0678608417510986,
      1.060112476348877,
      1.0622478127479553,
      1.0981248617172241,
      1.1106378436088562,
      1.0769327878952026,
      1.0273586362600327,
      0.9912969917058945,
      1.0798439383506775,
      1.0472340881824493,
      0.9853324592113495,
      1.013313114643097,
      0.964146077632904,
      0.9597539901733398,
      0.9121932238340378,
      0.9373921602964401,
      0.9459792971611023,
      0.9255673587322235,
      0.940971627831459,
      0.9684797525405884
    ]
  },
  "test_metrics": {
    "auroc": 0.9303030303030303,
    "auprc": 0.6034782608695652,
    "f1_optimal": 0.59999999995,
    "optimal_threshold": 0.58251953125,
    "precision": 0.6,
    "recall": 0.6,
    "precision_at_recall_90": 0.21739130434782608,
    "precision_at_recall_80": 0.21739130434782608,
    "recall_at_precision_90": 0.4,
    "recall_at_precision_80": 0.4,
    "loss": 0.6649881899356842
  },
  "outer_fold": 1,
  "inner_fold": 0,
  "seed": 0
}