{
  "train_history": {
    "train_loss": [
      1.0847909549872081,
      1.0765559474627178,
      0.9228434264659882,
      0.8875459233919779,
      0.8775556137164434,
      0.8293867111206055,
      0.8122681876023611,
      0.8703687687714895,
      0.8219657689332962,
      1.023085117340088,
      0.7758369992176691,
      0.7761087616284689,
      0.867451344927152,
      1.0283773044745128,
      0.9704619546731313,
      1.1014830768108368,
      0.8233772218227386,
      1.040413757165273,
      0.7865720440944036,
      0.7302947541077932,
      0.746614933013916,
      0.8178908427556356,
      0.8538266023000082,
      0.7849625845750173,
      0.6722034712632498,
      0.6931999921798706,
      0.698006197810173,
      0.9784755458434423,
      0.7989247987667719,
      0.6674273014068604,
      0.7023181666930517,
      0.609965960184733,
      0.8432990908622742,
      0.7895512282848358,
      0.7440207948287328,
      0.7143147786458334,
      0.682796781261762,
      0.7465831438700358,
      0.9250175952911377,
      0.5383211076259613,
      0.6575372268756231,
      0.6503175099690756,
      0.5763008967041969,
      0.6061953604221344,
      0.6604926188786825,
      0.5918882141510645,
      0.7177162766456604,
      0.6407710909843445,
      0.7652525256077448,
      0.6021782159805298,
      0.5930053244034449,
      0.7898506472508112,
      0.5526958281795183,
      0.5613003472487131,
      0.5376327137152354,
      0.6204303925236067,
      0.5845748086770376,
      0.7208620930711428,
      0.6904622912406921,
      0.6744034041961035,
      0.5982663432757059,
      0.5465012068549792,
      1.0477520103255908,
      0.5519204288721085,
      0.6179006596406301,
      0.7309727271397909,
      0.5860225011905035,
      0.549633818368117,
      0.5374558245142301,
      0.5694929758707682,
      0.4956448475519816,
      0.46716682116190594,
      0.546290303270022,
      0.48413292318582535,
      0.5354012896617254,
      0.5086181685328484,
      0.6745705505212148,
      0.6439170191685358,
      0.6079062297940254,
      0.5615480989217758,
      0.48559414098660153,
      0.4749661448101203,
      0.5526170680920283
    ],
    "val_loss": [
      0.8732502162456512,
      0.8637202680110931,
      0.8520731627941132,
      0.8379540741443634,
      0.8220424950122833,
      0.8031177967786789,
      0.7875267714262009,
      0.7745130062103271,
      0.7737411111593246,
      0.7711202055215836,
      0.7690756916999817,
      0.7588040828704834,
      0.748962014913559,
      0.7358076423406601,
      0.7205880433320999,
      0.7122642248868942,
      0.7004899233579636,
      0.6853287816047668,
      0.6755605787038803,
      0.6651929318904877,
      0.654610276222229,
      0.6473702043294907,
      0.6413108855485916,
      0.6322497427463531,
      0.6244424879550934,
      0.6158231645822525,
      0.6057959347963333,
      0.5950704663991928,
      0.5842393189668655,
      0.5701012015342712,
      0.5551500916481018,
      0.5424230843782425,
      0.5360519215464592,
      0.5345573276281357,
      0.5377530977129936,
      0.5446687564253807,
      0.5548499450087547,
      0.5465289726853371,
      0.5342822819948196,
      0.5299949645996094,
      0.5174265131354332,
      0.5143314674496651,
      0.5140612497925758,
      0.512806847691536,
      0.5165898613631725,
      0.5079009234905243,
      0.4968351013958454,
      0.47968949377536774,
      0.46942976862192154,
      0.4644317850470543,
      0.475782822817564,
      0.4888773150742054,
      0.4994578920304775,
      0.5052393563091755,
      0.5232179760932922,
      0.5387916788458824,
      0.538977600634098,
      0.5266407206654549,
      0.49690962955355644,
      0.4606664143502712,
      0.441213209182024,
      0.4262497201561928,
      0.42188478261232376,
      0.41169658303260803,
      0.41150008514523506,
      0.4068222902715206,
      0.4038688652217388,
      0.4006743095815182,
      0.39521847292780876,
      0.3962186686694622,
      0.4018840491771698,
      0.40489450469613075,
      0.4113302193582058,
      0.4165610484778881,
      0.41902032122015953,
      0.415893267840147,
      0.41871071979403496,
      0.41770677641034126,
      0.4194271117448807,
      0.42355290427803993,
      0.42721936479210854,
      0.42873242497444153,
      0.42887047678232193
    ]
  },
  "test_metrics": {
    "auroc": 0.8686868686868687,
    "auprc": 0.4730726637703382,
    "f1_optimal": 0.499999999953125,
    "optimal_threshold": 0.6171875,
    "precision": 0.6666666666666666,
    "recall": 0.4,
    "precision_at_recall_90": 0.11627906976744186,
    "precision_at_recall_80": 0.15384615384615385,
    "recall_at_precision_90": 0.2,
    "recall_at_precision_80": 0.2,
    "loss": 0.7046171128749847
  },
  "outer_fold": 4,
  "inner_fold": 0,
  "seed": 0
}