{
  "config": {
    "data_path": "/mnt/fsx/data",
    "catalog_path": "/mnt/fsx/data/track_catalog.parquet",
    "min_track_length": 100,
    "max_seq_len": 128,
    "min_sog": 3.0,
    "d_model": 128,
    "nhead": 8,
    "num_layers": 4,
    "dim_feedforward": 512,
    "dropout": 0.1,
    "grid_size": 64,
    "num_freqs": 12,
    "grid_range": 0.02,
    "max_horizon": 20,
    "batch_size": 64,
    "learning_rate": 0.0001,
    "weight_decay": 1e-05,
    "num_epochs": 5,
    "warmup_steps": 500,
    "val_every_n_batches": 1000,
    "val_max_batches": 50,
    "sigma": 0.001,
    "use_amp": true,
    "num_workers": 0,
    "pin_memory": true,
    "gradient_accumulation": 1,
    "lat_mean": 56.25,
    "lat_std": 1.0,
    "lon_mean": 11.5,
    "lon_std": 2.0,
    "sog_max": 30.0,
    "dt_max": 300.0
  },
  "metrics": {
    "horizon_1_error_deg": "0.0007043705",
    "horizon_1_error_km": 0.07818512519588694,
    "horizon_2_error_deg": "0.0007054916",
    "horizon_2_error_km": 0.0783095650258474,
    "horizon_3_error_deg": "0.00071028457",
    "horizon_3_error_km": 0.07884158729575574,
    "horizon_4_error_deg": "0.00071357586",
    "horizon_4_error_km": 0.07920692092739046,
    "horizon_5_error_deg": "0.00071371935",
    "horizon_5_error_km": 0.0792228474165313,
    "horizon_6_error_deg": "0.0007164916",
    "horizon_6_error_km": 0.07953056786209345,
    "horizon_7_error_deg": "0.00071764516",
    "horizon_7_error_km": 0.07965861295815557,
    "horizon_8_error_deg": "0.0007216974",
    "horizon_8_error_km": 0.0801084119011648,
    "horizon_9_error_deg": "0.0007258193",
    "horizon_9_error_km": 0.08056594472145662,
    "horizon_10_error_deg": "0.0007279066",
    "horizon_10_error_km": 0.08079763152636588,
    "horizon_11_error_deg": "0.000701906",
    "horizon_11_error_km": 0.07791156432358548,
    "horizon_12_error_deg": "0.00069911714",
    "horizon_12_error_km": 0.07760200247867033,
    "horizon_13_error_deg": "0.0006998579",
    "horizon_13_error_km": 0.07768422580556944,
    "horizon_14_error_deg": "0.0007058687",
    "horizon_14_error_km": 0.07835142617113888,
    "horizon_15_error_deg": "0.0007057102",
    "horizon_15_error_km": 0.0783338327310048,
    "horizon_16_error_deg": "0.0007059363",
    "horizon_16_error_km": 0.07835892745060846,
    "horizon_17_error_deg": "0.00070473854",
    "horizon_17_error_km": 0.07822597841732204,
    "horizon_18_error_deg": "0.0007027644",
    "horizon_18_error_km": 0.07800684543326497,
    "horizon_19_error_deg": "0.00070355966",
    "horizon_19_error_km": 0.07809512276435271,
    "horizon_20_error_deg": "0.00070443435",
    "horizon_20_error_km": 0.07819221296813339
  },
  "history": {
    "train_loss": [
      NaN,
      1.6470884235501289,
      0.5268944981694221,
      0.4338529366850853,
      0.39517131431400776,
      0.36673430794477463,
      0.3488441354632378,
      0.33072131702303886,
      0.31360822177960473,
      0.3021880538314581,
      0.29096174021065235,
      0.2922038748264313,
      0.28072640419006345,
      0.27895167911052704,
      0.26750148679316044,
      0.27030941205490094,
      0.259717666849494,
      0.2644425220638514,
      0.25863259307295083,
      0.2542775367051363,
      0.2550131729543209,
      0.25231356550753115,
      0.24613877136046275,
      0.25209811848402025,
      0.24481905976682902,
      0.24782227366417647,
      0.24000594857335092,
      0.2413160989433527,
      0.2460777844041586,
      0.23536905922773016,
      0.2367625483572483,
      0.23717088259011507,
      0.23616212872415782,
      0.2363761197850108,
      0.23438557070493699,
      0.23897516037523747,
      0.2311858472759933
    ],
    "val_loss": [
      6.595424604415894,
      0.41457492917776106,
      0.31968499153852464,
      0.28947680234909057,
      0.2619235245883465,
      0.24794056087732316,
      0.22712707728147508,
      0.22240987345576285,
      0.2054693391919136,
      0.20379088342189788,
      0.19370037093758583,
      0.1931940196454525,
      0.18914747923612596,
      0.18451211959123612,
      0.18199233159422876,
      0.17567697286605835,
      0.17269182950258255,
      0.1797163665294647,
      0.17474438428878783,
      0.1722276185452938,
      0.17130177959799767,
      0.16845740631222725,
      0.16112616881728173,
      0.16492270186543465,
      0.16035169914364814,
      0.15864847004413604,
      0.16079604372382164,
      0.1628543934226036,
      0.15745818361639977,
      0.1580258111655712,
      0.16485500887036322,
      0.15533159613609315,
      0.1586376856267452,
      0.16540791407227518,
      0.16082089126110077,
      0.15832327917218209,
      0.15260503582656385
    ],
    "random_loss": [
      7.626825609207153,
      7.626825609207153,
      7.626825609207153,
      7.626825609207153,
      7.626825609207153,
      7.626825609207153,
      7.626825609207153,
      7.626825609207153,
      7.626825609207153,
      7.626825609207153,
      7.626825609207153,
      7.626825609207153,
      7.626825609207153,
      7.626825609207153,
      7.626825609207153,
      7.626825609207153,
      7.626825609207153,
      7.626825609207153,
      7.626825609207153,
      7.626825609207153,
      7.626825609207153,
      7.626825609207153,
      7.626825609207153,
      7.626825609207153,
      7.626825609207153,
      7.626825609207153,
      7.626825609207153,
      7.626825609207153,
      7.626825609207153,
      7.626825609207153,
      7.626825609207153,
      7.626825609207153,
      7.626825609207153,
      7.626825609207153,
      7.626825609207153,
      7.626825609207153,
      7.626825609207153
    ],
    "dr_loss": [
      0.9167707787454128,
      0.9167707787454128,
      0.9167707787454128,
      0.9167707787454128,
      0.9167707787454128,
      0.9167707787454128,
      0.9167707787454128,
      0.9167707787454128,
      0.9167707787454128,
      0.9167707787454128,
      0.9167707787454128,
      0.9167707787454128,
      0.9167707787454128,
      0.9167707787454128,
      0.9167707787454128,
      0.9167707787454128,
      0.9167707787454128,
      0.9167707787454128,
      0.9167707787454128,
      0.9167707787454128,
      0.9167707787454128,
      0.9167707787454128,
      0.9167707787454128,
      0.9167707787454128,
      0.9167707787454128,
      0.9167707787454128,
      0.9167707787454128,
      0.9167707787454128,
      0.9167707787454128,
      0.9167707787454128,
      0.9167707787454128,
      0.9167707787454128,
      0.9167707787454128,
      0.9167707787454128,
      0.9167707787454128,
      0.9167707787454128,
      0.9167707787454128
    ],
    "lp_loss": [
      8.902429647445679,
      8.902429647445679,
      8.902429647445679,
      8.902429647445679,
      8.902429647445679,
      8.902429647445679,
      8.902429647445679,
      8.902429647445679,
      8.902429647445679,
      8.902429647445679,
      8.902429647445679,
      8.902429647445679,
      8.902429647445679,
      8.902429647445679,
      8.902429647445679,
      8.902429647445679,
      8.902429647445679,
      8.902429647445679,
      8.902429647445679,
      8.902429647445679,
      8.902429647445679,
      8.902429647445679,
      8.902429647445679,
      8.902429647445679,
      8.902429647445679,
      8.902429647445679,
      8.902429647445679,
      8.902429647445679,
      8.902429647445679,
      8.902429647445679,
      8.902429647445679,
      8.902429647445679,
      8.902429647445679,
      8.902429647445679,
      8.902429647445679,
      8.902429647445679,
      8.902429647445679
    ],