{
  "train_history": {
    "train_loss": [
      1.0855861107508342,
      1.0748755037784576,
      0.9182103176911672,
      0.8838962217171987,
      0.8682575275500616,
      0.8349610269069672,
      0.805367981394132,
      0.8633738656838735,
      0.8007713854312897,
      1.0586620072523754,
      0.7611417869726816,
      0.7565933242440224,
      0.8950055539608002,
      0.962731788555781,
      0.8456008235613505,
      0.9709339042504629,
      0.7831803858280182,
      0.9927741984526316,
      0.7202313592036566,
      0.634979635477066,
      0.6247081508239111,
      0.6985132098197937,
      0.7191718071699142,
      0.6490930169820786,
      0.5727079063653946,
      0.5836621820926666,
      0.6126523117224375,
      0.9312217235565186,
      0.6169242461522421,
      0.5291809290647507,
      0.5733358164628347,
      0.43893341223398846,
      0.537175660332044,
      0.6413367986679077,
      0.5438396086295446,
      0.5017828270792961,
      0.515620082616806,
      0.7954644213120142,
      0.5368976642688116,
      0.4165004293123881,
      0.5241098999977112,
      0.43743346631526947,
      0.4497102461755276,
      0.44265177845954895,
      0.5451952119668325,
      0.45380817353725433,
      0.5867406378189722
    ],
    "val_loss": [
      0.8714341819286346,
      0.8590726256370544,
      0.8434266746044159,
      0.8256612718105316,
      0.8023574650287628,
      0.7823790162801743,
      0.7754333764314651,
      0.7825759202241898,
      0.8346982151269913,
      0.8318090885877609,
      0.7395404279232025,
      0.6719293594360352,
      0.6755921244621277,
      0.6586164683103561,
      0.6578552573919296,
      0.6524644941091537,
      0.61521215736866,
      0.5591515600681305,
      0.5486066192388535,
      0.5393803268671036,
      0.5473654270172119,
      0.5672110244631767,
      0.5414535328745842,
      0.4933408871293068,
      0.48821889609098434,
      0.49120860546827316,
      0.49579622596502304,
      0.4585678204894066,
      0.4425906464457512,
      0.438465379178524,
      0.42448195070028305,
      0.4077051728963852,
      0.3983786404132843,
      0.3909509405493736,
      0.4134029671549797,
      0.39051564782857895,
      0.3902716264128685,
      0.38517656922340393,
      0.37947313487529755,
      0.36647508293390274,
      0.36120259016752243,
      0.3590266704559326,
      0.3686385080218315,
      0.35960761457681656,
      0.3386933282017708,
      0.32782162353396416,
      0.31988562643527985
    ]
  },
  "test_metrics": {
    "auroc": 0.896969696969697,
    "auprc": 0.6133906633906634,
    "f1_optimal": 0.6666666666172838,
    "optimal_threshold": 0.654296875,
    "precision": 0.75,
    "recall": 0.6,
    "precision_at_recall_90": 0.13513513513513514,
    "precision_at_recall_80": 0.18181818181818182,
    "recall_at_precision_90": 0.4,
    "recall_at_precision_80": 0.4,
    "loss": 0.6423010230064392
  },
  "outer_fold": 4,
  "inner_fold": 0,
  "seed": 0
}