{
  "train_history": {
    "train_loss": [
      1.1280217518409092,
      0.9235443671544393,
      0.8374051551024119,
      0.7620262006918589,
      0.7260732253392538,
      0.6713080902894338,
      0.7888097067674001,
      0.9643194445719322,
      1.4879428297281265,
      0.5948433466255665,
      0.9010060752431551,
      0.8750369995832443,
      0.5531560828288397,
      0.8512384767333666,
      0.7233567039171854,
      0.5667326251665751
    ],
    "val_loss": [
      1.198813021183014,
      1.072306364774704,
      1.4114640057086945,
      1.1966578960418701,
      1.3765564560890198,
      1.9236159324645996,
      1.3211546838283539,
      3.1596081256866455,
      1.1150228381156921,
      2.7613760232925415,
      1.002465933561325,
      2.0943479239940643,
      2.413030445575714,
      1.706359624862671,
      2.8296438455581665,
      1.2653965950012207
    ]
  },
  "test_metrics": {
    "auroc": 0.9272727272727274,
    "auprc": 0.5262576503955814,
    "f1_optimal": 0.4999999999570313,
    "optimal_threshold": 0.359130859375,
    "precision": 0.36363636363636365,
    "recall": 0.8,
    "precision_at_recall_90": 0.1724137931034483,
    "precision_at_recall_80": 0.36363636363636365,
    "recall_at_precision_90": 0.2,
    "recall_at_precision_80": 0.2,
    "loss": 0.731173574924469
  },
  "outer_fold": 1,
  "inner_fold": 0,
  "seed": 0
}