{
  "train_history": {
    "train_loss": [
      1.0699524482091267,
      0.9781662027041117,
      0.9985807090997696,
      0.7326921671628952,
      0.963347464799881,
      0.8294409091273943,
      0.734813337524732,
      1.3158564567565918,
      0.6343374277154604,
      1.3256020247936249,
      0.6854397853215536,
      0.9805900206168493,
      0.5197415500879288,
      0.7515469690163931,
      0.6512336432933807,
      0.7868168205022812,
      0.6591131637493769,
      0.9676333417495092,
      0.5521238545576731,
      0.597674215833346,
      0.8367596852282683,
      0.633675143122673,
      0.7740697115659714,
      0.36526600271463394,
      0.5478364179531733,
      0.7757576890289783,
      0.8931416670481364,
      0.834321548541387,
      0.5610498686631521,
      0.49270941068728763,
      0.43892194082339603,
      0.4773634374141693,
      1.1744404236475627,
      0.3747709070642789,
      0.5909089849640926,
      0.3625759805242221,
      0.35609188528421026,
      1.004487467308839,
      0.7640836760401726,
      0.33291832730174065,
      0.4055739591519038,
      0.3282119321326415,
      0.2969307539363702,
      0.34149290652324754,
      1.238387209052841,
      0.28126254460463923,
      0.6740784698049538,
      0.36147235458095867,
      0.22899116948246956,
      0.30140240816399455,
      0.25651647864530486,
      0.22038358682766557,
      0.2476527274120599,
      0.2008324204167972,
      0.4088285322068259,
      0.3152066382269065,
      0.20015139994211495,
      0.36745852914949256,
      1.129090269561857,
      0.24464376519123712,
      0.22102991805877537,
      0.1866739752391974,
      0.8571193729294464,
      0.2371668218014141,
      0.1060111471451819,
      0.3689184694861372,
      0.2641890139008562,
      0.22894332511350513,
      0.13819050880071396,
      0.2633768730641653,
      0.09916631404000024
    ],
    "val_loss": [
      0.6508275866508484,
      0.5806761905550957,
      0.6428734213113785,
      0.616169985383749,
      0.663302093744278,
      0.47480813413858414,
      1.0164662301540375,
      0.5213110595941544,
      0.6490195132791996,
      0.4645747300237417,
      0.3772873282432556,
      0.563276395201683,
      0.5463116075843573,
      0.6363635435700417,
      0.44141958467662334,
      0.5608137547969818,
      0.6505594700574875,
      0.43535315431654453,
      0.3975319527089596,
      0.4579644501209259,
      0.30389658361673355,
      0.42996569629758596,
      0.5124056078493595,
      0.6485116183757782,
      0.795881581492722,
      0.9668057679664344,
      0.46265410631895065,
      0.45125503465533257,
      0.5054775103926659,
      0.5101121962070465,
      0.4060262069106102,
      0.8070442498428747,
      0.3432917594909668,
      0.34359043650329113,
      0.32666185311973095,
      0.3830495048314333,
      0.5147826494649053,
      0.5687312425579876,
      0.36513265408575535,
      0.4739736169576645,
      0.7024581432342529,
      0.43850364116951823,
      0.22682149335741997,
      0.37962747213896364,
      0.6203322053042939,
      0.7363049387931824,
      0.7278769731638022,
      0.440818780567497,
      0.5311764657963067,
      0.681362533592619,
      0.6758533716201782,
      0.6583684444776736,
      0.6928724885219708,
      0.9094674587249756,
      0.48153095244197175,
      0.10074064135551453,
      0.7158757210709155,
      0.8798949122428894,
      0.610760319250403,
      0.6431679785018787,
      0.8352395296096802,
      0.7768695235135965,
      0.7387937068997417,
      0.7411338448291644,
      0.7803663134691305,
      0.7459202766476665,
      0.7200410008372273,
      0.7285174250719137,
      0.719875180744566,
      0.7300312281004153,
      0.7257300377241336
    ]
  },
  "test_metrics": {
    "auroc": 0.9111111111111111,
    "auprc": 0.42877192982456136,
    "f1_optimal": 0.59999999995,
    "optimal_threshold": 0.10498046875,
    "precision": 0.6,
    "recall": 0.6,
    "precision_at_recall_90": 0.16666666666666666,
    "precision_at_recall_80": 0.21052631578947367,
    "recall_at_precision_90": 0.0,
    "recall_at_precision_80": 0.0,
    "loss": 1.4560547471046448
  },
  "outer_fold": 4,
  "inner_fold": 0,
  "seed": 0
}