{
  "train_history": {
    "train_loss": [
      1.041912208000819,
      1.034028838078181,
      1.012154499689738,
      0.9729708135128021,
      0.866103877623876,
      0.9031337201595306,
      0.8942214945952097,
      0.9931110938390096,
      0.7509261469046274,
      0.8251195947329203,
      0.827827533086141,
      0.7340816458066305,
      0.73324815928936,
      0.8360698322455088,
      0.6475334018468857,
      0.7709318151076635,
      0.6714231818914413,
      0.9950094769398371,
      0.6685223480065664,
      0.6893998583157858,
      0.6515030364195505,
      0.7256220281124115,
      0.6082226683696111,
      0.6628765910863876,
      0.6934522340695063,
      0.8377187301715215,
      0.5884036223093668,
      0.627841388185819,
      0.6930896590153376,
      0.6200890441735586,
      0.6949242701133093,
      0.542371558646361,
      0.6490050057570139,
      0.6153469358881315,
      0.6829725007216135,
      0.5487331499656042,
      0.46101758380730945,
      0.5317825078964233,
      0.500584584971269,
      0.6355442106723785,
      0.5461039592822393,
      0.6710195044676462,
      0.6611704329649607,
      0.5635946641365687,
      0.6007909973462423,
      0.49849795053402585,
      0.5896148160099983,
      0.40226781368255615,
      0.5291691596309344,
      0.5023890237013499,
      0.520699088772138,
      0.4382243901491165,
      0.426161656777064,
      0.4796767222384612,
      0.46934015303850174,
      0.4124424010515213,
      0.5136261681715647,
      0.48765284319718677,
      0.43015096584955853,
      0.49689822892347973,
      0.4359094351530075,
      0.5135598083337148,
      0.4191921502351761,
      0.6490584512551626,
      0.4416432132323583,
      0.4043663789828618,
      0.5376764883597692,
      0.4187704349557559,
      0.34899967163801193,
      0.4303365672628085,
      0.38125800838073093,
      0.4604509025812149,
      0.47686780989170074,
      0.466798002521197,
      0.4804422507683436
    ],
    "val_loss": [
      0.9956567585468292,
      0.9873063266277313,
      0.9758691489696503,
      0.9614480435848236,
      0.9435104131698608,
      0.9223485887050629,
      0.9069393277168274,
      0.8951154351234436,
      0.8821022510528564,
      0.866901695728302,
      0.8542745411396027,
      0.8412667810916901,
      0.8316653072834015,
      0.82579505443573,
      0.812343180179596,
      0.8017842173576355,
      0.7891222536563873,
      0.7747465372085571,
      0.7601397931575775,
      0.748755156993866,
      0.7363624274730682,
      0.7275932133197784,
      0.7162975966930389,
      0.7070897221565247,
      0.6996742188930511,
      0.6901562511920929,
      0.6769047379493713,
      0.6651013791561127,
      0.65569007396698,
      0.6493633091449738,
      0.6469164192676544,
      0.6424255967140198,
      0.6456597149372101,
      0.6280605792999268,
      0.6175030469894409,
      0.6129295229911804,
      0.6163302212953568,
      0.6181759089231491,
      0.623848170042038,
      0.6201349049806595,
      0.6134207099676132,
      0.6129533648490906,
      0.6031727641820908,
      0.6016457974910736,
      0.5945268273353577,
      0.5785969495773315,
      0.5742459297180176,
      0.57114177942276,
      0.5770606696605682,
      0.5824316889047623,
      0.5874004065990448,
      0.586555078625679,
      0.5910404473543167,
      0.5780186206102371,
      0.5683718174695969,
      0.5618178099393845,
      0.5620179772377014,
      0.5622446537017822,
      0.5710392743349075,
      0.5684517174959183,
      0.5600675791501999,
      0.5536269396543503,
      0.5452756285667419,
      0.5460366010665894,
      0.542734906077385,
      0.5449440181255341,
      0.5485134273767471,
      0.5472739189863205,
      0.5471273511648178,
      0.5459699481725693,
      0.548856645822525,
      0.5534131973981857,
      0.5588898807764053,
      0.5545652955770493,
      0.5461434572935104
    ]
  },
  "test_metrics": {
    "auroc": 0.697,
    "auprc": 0.10853905202265858,
    "f1_optimal": 0.2857142856780045,
    "optimal_threshold": 0.350830078125,
    "precision": 0.1875,
    "recall": 0.6,
    "precision_at_recall_90": 0.07936507936507936,
    "precision_at_recall_80": 0.07936507936507936,
    "recall_at_precision_90": 0.0,
    "recall_at_precision_80": 0.0,
    "loss": 1.223765254020691
  },
  "outer_fold": 0,
  "inner_fold": 0,
  "seed": 0
}