{
  "train_history": {
    "train_loss": [
      0.8997387488683065,
      0.8827126026153564,
      0.8546172777811686,
      0.8348832726478577,
      0.8165819446245829,
      0.8001007636388143,
      0.7844093839327494,
      0.7407368123531342,
      0.684535006682078,
      0.6368674238522848,
      0.6426294445991516,
      0.5838643113772074,
      0.5515673955281576,
      0.6475051542123159,
      0.5969517926375071,
      0.6018941203753153,
      0.5272639791170756,
      0.5801077286402384,
      0.46169571081797284,
      0.5191192229588827,
      0.4863407512505849,
      0.4813618063926697,
      0.42788537343343097,
      0.5422559777895609,
      0.4829093317190806,
      0.4333438277244568,
      0.38174281517664593,
      0.46679778893788654,
      0.3992837866147359,
      0.4020741780598958,
      0.310001681248347,
      2.029363532861074,
      0.4056253135204315,
      0.34670424461364746,
      0.3172227442264557,
      0.3380671739578247,
      0.4082994262377421,
      0.9902560512224833,
      0.3046955664952596,
      0.2469261089960734,
      0.2681688070297241,
      0.25135619441668194,
      0.3686989148457845,
      0.5532527565956116,
      0.23375930885473886,
      0.2522587577501933,
      0.24143838385740915,
      0.2941448241472244,
      0.21564176678657532,
      0.2300067941347758,
      0.5907124678293864,
      0.2247657279173533,
      0.21799618005752563,
      0.3409217447042465,
      0.1601446121931076,
      0.4739596943060557,
      0.22811875740687051,
      0.4743446260690689,
      0.4150383671124776,
      0.15602550407250723,
      0.19306080043315887,
      0.30412091314792633,
      0.9115320146083832,
      0.2560546100139618,
      0.37318751215934753,
      0.45900880297025043,
      0.4625446597735087,
      0.22377416491508484,
      1.3406416922807693,
      0.16153211891651154,
      0.15758885939915976,
      0.22619741161664328,
      0.16295641660690308,
      0.45674219727516174,
      0.27678656578063965
    ],
    "val_loss": [
      2.9680943489074707,
      3.000945250193278,
      3.022720217704773,
      3.0501943826675415,
      3.100092649459839,
      3.212626854578654,
      3.469004809856415,
      3.694057802359263,
      3.902759631474813,
      3.97486142317454,
      3.8796051939328513,
      3.7886216839154563,
      3.7247875531514487,
      3.709234664837519,
      3.536564846833547,
      3.218947947025299,
      3.050824652115504,
      2.969473719596863,
      2.9433109958966575,
      2.9453060726324716,
      3.0461549957593284,
      3.262531042098999,
      3.3178234795729318,
      3.030910183986028,
      2.723047653834025,
      2.66652383406957,
      2.7529411812623343,
      2.8624340295791626,
      2.6935265262921653,
      2.431395838658015,
      2.309973359107971,
      2.519317239522934,
      2.716350515683492,
      2.5677553017934165,
      2.5402566889921823,
      2.2138318022092185,
      1.8470989068349202,
      1.476507345835368,
      1.2901887198289235,
      1.2308256228764851,
      1.2509963512420654,
      1.4314909378687541,
      2.13615150252978,
      2.3942759384711585,
      2.044991453488668,
      1.4370393753051758,
      1.128301168481509,
      1.0462728639443715,
      1.0389447112878163,
      1.0466327220201492,
      1.2043935060501099,
      1.1564670751492183,
      0.9922484854857127,
      0.8669543365637461,
      0.8078120996554693,
      0.7696517507235209,
      0.745800589521726,
      0.737344816327095,
      0.7517559031645457,
      0.7260105212529501,
      0.694278726975123,
      0.6674728045860926,
      0.6612048000097275,
      0.660621831814448,
      0.6495813280344009,
      0.6153363088766733,
      0.5911433100700378,
      0.6029864549636841,
      0.6241745899120966,
      0.6585674981276194,
      0.6885658999284109,
      0.7046369363864263,
      0.6873292028903961,
      0.6630726754665375,
      0.6373055626948675
    ]
  },
  "test_metrics": {
    "auroc": 0.8698821339950372,
    "auprc": 0.536047190547713,
    "f1_optimal": 0.5555555555094135,
    "optimal_threshold": 0.7783203125,
    "precision": 0.43478260869565216,
    "recall": 0.7692307692307693,
    "precision_at_recall_90": 0.096,
    "precision_at_recall_80": 0.20754716981132076,
    "recall_at_precision_90": 0.23076923076923078,
    "recall_at_precision_80": 0.23076923076923078,
    "loss": 2.354909157752991
  },
  "outer_fold": 0,
  "inner_fold": 0,
  "seed": 1
}