{
  "train_history": {
    "train_loss": [
      0.9503153681755065,
      0.90334153175354,
      0.9052986383438111,
      0.841039913892746,
      0.7839107036590576,
      0.7829763412475585,
      0.7792431652545929,
      0.8214299082756042,
      0.7893552601337432,
      0.7922823786735534
    ],
    "val_loss": [
      2.2372326374053957,
      2.3116862535476685,
      2.4675191402435304,
      2.5211586952209473,
      2.5555505752563477,
      2.625602912902832,
      2.6754392802715303,
      2.668432301282883,
      2.663255143165588,
      2.662479543685913
    ]
  },
  "test_metrics": {
    "auroc": 0.38678660049627794,
    "auprc": 0.041687600262583835,
    "f1_optimal": 0.09737827714429435,
    "optimal_threshold": 0.29573413729667664,
    "precision": 0.051181102362204724,
    "recall": 1.0,
    "precision_at_recall_90": 0.051181102362204724,
    "precision_at_recall_80": 0.051181102362204724,
    "recall_at_precision_90": 0.0,
    "recall_at_precision_80": 0.0,
    "loss": 1.884055369430118
  },
  "outer_fold": 0,
  "inner_fold": 0,
  "seed": 0
}