{
  "train_history": {
    "train_loss": [
      0.9421615242958069,
      0.8674603894352912,
      2.245816822350025,
      1.8321821801364422,
      1.2116912342607975,
      1.2792546987533568
    ],
    "val_loss": [
      2.7103382110595704,
      11.373860576748848,
      11.17020479142666,
      4.450938510894775,
      6.701921612024307,
      1.946688723564148
    ]
  },
  "test_metrics": {
    "auroc": 0.7639578163771712,
    "auprc": 0.11405345208725581,
    "f1_optimal": 0.2432432432142805,
    "optimal_threshold": 0.006689009722322226,
    "precision": 0.14754098360655737,
    "recall": 0.6923076923076923,
    "precision_at_recall_90": 0.09448818897637795,
    "precision_at_recall_80": 0.09649122807017543,
    "recall_at_precision_90": 0.0,
    "recall_at_precision_80": 0.0,
    "loss": 7.172551872001754
  },
  "outer_fold": 0,
  "inner_fold": 0,
  "seed": 0
}