{
  "train_history": {
    "train_loss": [
      1.0423373381296794,
      1.0322578450043995,
      1.0083152651786804,
      0.9698085387547811,
      0.8664602637290955,
      0.9207171003023783,
      0.8831479549407959,
      0.9157601495583853,
      0.7079909890890121,
      0.7434036980072657,
      0.6899540474017462,
      0.5691362867752711,
      0.5515053321917852,
      0.5600782632827759,
      0.4210416798790296,
      0.5099509234229723,
      0.38466495648026466,
      0.47455408424139023,
      0.37449663629134494,
      0.2950750036786,
      0.2828083535035451,
      0.42904989918073017,
      0.2733541925748189,
      0.3597017303109169,
      0.4420393978555997,
      0.24322671381135783
    ],
    "val_loss": [
      0.9948136210441589,
      0.9843565821647644,
      0.9653010666370392,
      0.9291432797908783,
      0.9108564555644989,
      0.8947543203830719,
      0.9024995565414429,
      0.8898733854293823,
      0.8134154677391052,
      0.7468599677085876,
      0.7351117134094238,
      0.7167309820652008,
      0.6860670149326324,
      0.6269358694553375,
      0.556302011013031,
      0.5247562676668167,
      0.48153693974018097,
      0.47836385667324066,
      0.5085147768259048,
      0.4731796234846115,
      0.5448051393032074,
      0.492602102458477,
      0.46385131031274796,
      0.43381233513355255,
      0.4777964726090431,
      0.5575446002185345
    ]
  },
  "test_metrics": {
    "auroc": 0.62,
    "auprc": 0.16862663906142167,
    "f1_optimal": 0.2857142856734694,
    "optimal_threshold": 0.5126953125,
    "precision": 0.5,
    "recall": 0.2,
    "precision_at_recall_90": 0.05555555555555555,
    "precision_at_recall_80": 0.05714285714285714,
    "recall_at_precision_90": 0.0,
    "recall_at_precision_80": 0.0,
    "loss": 1.026480495929718
  },
  "outer_fold": 0,
  "inner_fold": 0,
  "seed": 0
}