{
  "train_history": {
    "train_loss": [
      0.9499768018722534,
      0.9033708333969116,
      0.9068854570388794,
      0.8346294820308685,
      0.7838493704795837,
      0.7884634256362915,
      0.7802240014076233,
      0.7812905669212341,
      0.7864681720733643,
      0.7882572054862976
    ],
    "val_loss": [
      2.2356212973594665,
      2.296789312362671,
      2.408989930152893,
      2.4553173184394836,
      2.4870990395545958,
      2.531944125890732,
      2.548852014541626,
      2.553367072343826,
      2.5543327808380125,
      2.556348240375519
    ]
  },
  "test_metrics": {
    "auroc": 0.29714640198511166,
    "auprc": 0.03546476509280453,
    "f1_optimal": 0.09594095940046023,
    "optimal_threshold": 0.30991703271865845,
    "precision": 0.050387596899224806,
    "recall": 1.0,
    "precision_at_recall_90": 0.050387596899224806,
    "precision_at_recall_80": 0.050387596899224806,
    "recall_at_precision_90": 0.0,
    "recall_at_precision_80": 0.0,
    "loss": 1.8500900003645155
  },
  "outer_fold": 0,
  "inner_fold": 0,
  "seed": 0
}