{
  "train_history": {
    "train_loss": [
      1.0382921993732452,
      0.9544595976670583,
      0.9207131663958231,
      1.1895485321680705,
      1.0868127048015594,
      1.0185606976350148,
      0.7836008369922638,
      0.7491624901692072,
      0.7201851556698481,
      0.6764369656642278,
      0.6849015603462855,
      0.6015984366337458,
      0.6494014412164688,
      0.5754230295618376,
      0.6023214807113012,
      0.487683246533076,
      0.45492566128571826,
      0.5536058396100998,
      0.6500527610381445,
      0.4448229428380728,
      0.4377973477045695,
      0.2888865576436122,
      0.3471127972006798,
      0.4167495171229045,
      0.6212272495031357,
      0.4128975495696068,
      0.29261716455221176,
      0.3795668218905727,
      0.3645755226413409,
      0.7283334744473299
    ],
    "val_loss": [
      0.9914928376674652,
      0.9865684807300568,
      0.9790863692760468,
      0.9676675200462341,
      0.9475901424884796,
      0.9631627798080444,
      0.9688175022602081,
      0.9336864352226257,
      0.8944346010684967,
      0.902395099401474,
      0.8854264914989471,
      0.786260336637497,
      0.7428377270698547,
      0.7235047221183777,
      0.7073028385639191,
      0.6228100657463074,
      0.5519542098045349,
      0.5529155135154724,
      0.5679250210523605,
      0.5998761355876923,
      0.5793935209512711,
      0.5045053362846375,
      0.4861639738082886,
      0.5645852088928223,
      0.5504658967256546,
      0.5180661529302597,
      0.5219303667545319,
      0.47487233579158783,
      0.5059457868337631,
      0.5296051055192947
    ]
  },
  "test_metrics": {
    "auroc": 0.9181818181818181,
    "auprc": 0.6819047619047619,
    "f1_optimal": 0.7499999999531249,
    "optimal_threshold": 0.61669921875,
    "precision": 1.0,
    "recall": 0.6,
    "precision_at_recall_90": 0.14285714285714285,
    "precision_at_recall_80": 0.26666666666666666,
    "recall_at_precision_90": 0.6,
    "recall_at_precision_80": 0.6,
    "loss": 0.6248180866241455
  },
  "outer_fold": 2,
  "inner_fold": 0,
  "seed": 0
}