{
  "train_history": {
    "train_loss": [
      0.8797721167405447,
      1.0869334377348423,
      1.0825769007205963,
      0.8301779851317406,
      1.0377871890862782,
      0.9876842697461446,
      1.498776505390803,
      0.9149087568124136,
      0.8060873597860336,
      0.8318494260311127,
      0.8537620455026627,
      0.7006961405277252,
      0.8117013374964396,
      1.0094151850789785,
      1.155018409093221,
      1.1557052532831829,
      0.7129997784892718,
      0.6538463731606802,
      0.9513283222913742,
      0.6662968099117279,
      0.6950692137082418,
      0.7702440718809763,
      0.746191143989563,
      0.7529605180025101,
      0.547463501493136,
      0.6446926097075144,
      0.7526825467745463,
      1.4166423479715984,
      0.9805902590354284,
      0.7308564484119415,
      0.929942270119985,
      0.5761552453041077,
      1.1150764922300975,
      0.579146275917689,
      0.7464318772157034,
      0.5917609905203184,
      0.6609608580668768,
      0.49907344331343967,
      0.5627822081247965,
      0.6840557406346003,
      0.6210440496603647,
      0.4340619742870331,
      0.5438622410098711,
      0.7308253285785516,
      0.8247992148001989,
      0.631626176337401,
      0.5745683213075002,
      0.9769694730639458,
      0.410481180374821,
      0.6260151291886965,
      0.37651564677556354,
      0.33345269535978633,
      0.48174307495355606,
      0.5464156164477268
    ],
    "val_loss": [
      0.8330762088298798,
      1.0714629292488098,
      0.9162473678588867,
      0.8866812288761139,
      0.6319360136985779,
      0.9364274442195892,
      1.0602575540542603,
      0.8747924864292145,
      0.6328183710575104,
      0.6387286484241486,
      0.6129070222377777,
      0.6912059485912323,
      0.7484019696712494,
      0.9340632855892181,
      0.7356575131416321,
      0.6148833334445953,
      0.5000223517417908,
      0.6549538373947144,
      0.5452784895896912,
      0.7370567917823792,
      0.5442238748073578,
      0.5382625758647919,
      0.7195591926574707,
      0.4753745049238205,
      0.48255322873592377,
      0.8373373448848724,
      0.6831142157316208,
      1.1160567253828049,
      0.543378934264183,
      0.45262619853019714,
      0.6067110002040863,
      0.5126107037067413,
      0.45268407464027405,
      0.5051682144403458,
      0.5983369052410126,
      0.40067674219608307,
      0.3086184710264206,
      0.26951341331005096,
      0.3502044379711151,
      0.2987736165523529,
      0.2906090170145035,
      0.3323501795530319,
      0.12956204265356064,
      0.2573498710989952,
      0.12644212320446968,
      0.418435662984848,
      0.17244800925254822,
      0.13773444294929504,
      0.31984077394008636,
      0.27260418981313705,
      0.269747257232666,
      0.12507293745875359,
      0.07133256644010544,
      0.3639308735728264
    ]
  },
  "test_metrics": {
    "auroc": 0.9808080808080808,
    "auprc": 0.6976190476190476,
    "f1_optimal": 0.6666666666222222,
    "optimal_threshold": 0.8818359375,
    "precision": 0.5,
    "recall": 1.0,
    "precision_at_recall_90": 0.5,
    "precision_at_recall_80": 0.5714285714285714,
    "recall_at_precision_90": 0.2,
    "recall_at_precision_80": 0.2,
    "loss": 0.3779599517583847
  },
  "outer_fold": 3,
  "inner_fold": 0,
  "seed": 0
}